{"_id":"copied_H1YYKxIAN","name":"CMB AIOps Project","type":"Solution","status":"Pending","created":"2019-06-06T02:25:04Z","lastModified":"2019-08-09T06:26:43Z","includedArtifacts":[{"globalTOCPosition":"3.1.1","typeId":"assetartifact_usecase_ucdiagram","_id":"art_SJe7EqE8JS","artifactTypeId":"artifacttype_cde39d5e-c892-3093-ab3d-bad448acb8a0","type":"Use Case Diagram"},{"globalTOCPosition":"1","typeId":"assetartifact_executivesummary","_id":"copied_S1FYZFtKxIR4","artifactTypeId":"artifacttype_9edbd406-69fb-3a95-8b2e-58a0974b2710","type":"Overview"},{"globalTOCPosition":"5.1.4","typeId":"assetartifact_architectureoverview_usagescenario","_id":"copied_ByTHxKKYeLC4","artifactTypeId":"artifacttype_d118451c-0816-3aa5-8b89-3119feb4168a","type":"Usage Scenario"},{"globalTOCPosition":"5.2","typeId":"assetartifact_architecturedecision","_id":"art_B1MrlKFFe8RV","artifactTypeId":"artifacttype_fddae3fa-aafa-32af-94a4-bc3e1ed255cc","type":"Architectural Decisions"},{"globalTOCPosition":"3.1.2","typeId":"assetartifact_usecase_uctext","_id":"art_ryESlKKtlUR4","artifactTypeId":"artifacttype_dde4b71c-82db-3f66-964a-3a04fbf56dff","type":"Use Case"},{"globalTOCPosition":"5.1.3","typeId":"assetartifact_architectureoverview_itsystem","_id":"copied_Sk9-YYFx8A4","artifactTypeId":"artifacttype_355f72be-6566-3f48-8b15-c30f671d7c8f","type":"IT System View"},{"globalTOCPosition":"2.1","typeId":"assetartifact_businesschallenge","_id":"copied_ByubtFKx80N","artifactTypeId":"artifacttype_d1ab4a95-e05f-3882-9f19-6500fc0d3b2b","type":"Business Challenge"},{"globalTOCPosition":"5.1.1","typeId":"assetartifact_architectureoverview_aodservice","_id":"copied_BkANWKFKeURV","artifactTypeId":"artifacttype_2c548a13-6bd9-3edc-a496-0318af82f0d1","type":"Services View"},{"globalTOCPosition":"3.2","typeId":"assetartifact_functionalrequirement","_id":"copied_HketYYeLCE","artifactTypeId":"artifacttype_12eefe0a-435b-3176-8bbe-4dc928a2e4c3","type":"Functional Requirements"},{"globalTOCPosition":"3.3","typeId":"assetartifact_nonfunctionalrequirement","_id":"art_S1f4ZKKYlLR4","artifactTypeId":"artifacttype_f0eebd79-15c9-3ebc-a73b-8efc3f634f59","type":"Non Functional Requirements"},{"globalTOCPosition":"2.2","typeId":"assetartifact_systemcontext","_id":"art_ryHEbtFYxL0N","artifactTypeId":"artifacttype_8ca70362-e3d1-3b9c-91d1-f755d029a2e3","type":"System Context"}],"industry":[{"name":"Cross-Industry","_id":"industry_cross"}],"technology":[{"name":"Cognitive Computing","_id":"technology_cognitive"},{"name":"Analytics","_id":"technology_analytics"}],"technicalCapability":[{"name":"Integration","_id":"tech_capability_integration"}],"businessCapability":[],"taxonomies":[],"template":{"name":"Solution Architecture Template","description":"Default ToC","_id":"template_company_ibm","isGlobalDefaultTemplate":true},"executiveSummary":"&nbsp;&nbsp;&nbsp;&nbsp;&nbsp; XXX bank is one of the biggest retail bank of china. It ranked 12th among the Top 500 Banking Brands of The Banker. Mainframe&amp;ELA key account of IBM GCG.<br>&nbsp;&nbsp;&nbsp;&nbsp;&nbsp; With the rapid development of business and IT system, especially in microservice, bigdata, open source etc… The traditional way is difficult to cover the requirements in Data Center Operation.<br><div>&nbsp;&nbsp;&nbsp;&nbsp;&nbsp; So XXX bank started an AIOps project. In this project, IBM will help XXX bank to build a end to end services in lifecycle of Data and Models, improve AI capacity in datacenter operation.</div><blockquote><div>&nbsp;The project had a roadmap:</div><div>1.&nbsp; In phase 1, we has finished 100VPC of ICP4D deployments, and covered 2000+ databases * 8 metrics, and success build a full SQL execution efficiency analysis platform at 1Q2019.</div><div>2. Now we are planning to design phase 2 solution for XXX bank, which will not only cover DB operation and analysis, but also for the whole IT&amp;Business in AI platform.</div><div><br></div><div>This document is the architecture design for XXX bank AIOps project.<br></div></blockquote>","tag":[{"name":"Data","_id":"tag_tech_data"},{"name":"Analytics","_id":"tag_tech_analytics"}],"schemaVersion":"1.2","appVersion":"2.8.2"}